sensor_index,last_seen,name,location_type,latitude,longitude,last_seen_utc,age_days,active_7d,active_30d,province
266614,1791355433,Pit 8 PRM2(new2025),0,49.235546,-105.29647,2026-10-07 06:43:53+00:00,0.0008226193518518519,True,True,SK
271719,1791355410,Val Marie School,0,49.243855,-107.73153,2026-10-07 06:43:30+00:00,0.0010888230555555556,True,True,SK
271749,1791355462,Hazlet School,0,50.397934,-108.59043,2026-10-07 06:44:22+00:00,0.0004869712037037037,True,True,SK
271767,1791355480,Waldeck Elementary & Jr High School,0,50.36186,-107.5895,2026-10-07 06:44:40+00:00,0.0002786378703703704,True,True,SK
271763,1791355445,Maple Creek Composite School,0,49.899296,-109.48022,2026-10-07 06:44:05+00:00,0.0006837304629629629,True,True,SK
271795,1791355472,Tompkins School,0,50.061844,-108.798355,2026-10-07 06:44:32+00:00,0.00037123046296296295,True,True,SK
272783,1790805577,Wymark School,0,50.110657,-107.734924,2026-09-30 21:59:37+00:00,6.3648966934259255,True,True,SK
272815,1791355400,Success School,0,50.46059,-108.07892,2026-10-07 06:43:20+00:00,0.0012045637962962963,True,True,SK
272831,1791355400,Vanguard Community School,0,49.907887,-107.30474,2026-10-07 06:43:20+00:00,0.0012045637962962963,True,True,SK
272918,1791355273,Shaunavon Public School,0,49.64833,-108.412155,2026-10-07 06:41:13+00:00,0.0026744712037037035,True,True,SK
272955,1791355450,Ponteix School,0,49.743114,-107.48889,2026-10-07 06:44:10+00:00,0.0006258600925925926,True,True,SK
273075,1791355465,Cabri School,0,50.62064,-108.465164,2026-10-07 06:44:25+00:00,0.00045224898148148147,True,True,SK
273085,1791355479,Leader Composite School,0,50.892162,-109.54468,2026-10-07 06:44:39+00:00,0.00029021194444444443,True,True,SK
273087,1791355435,Frontier School,0,49.20535,-108.56434,2026-10-07 06:43:55+00:00,0.0007994712037037038,True,True,SK
273081,1791355417,Gull Lake School,0,50.09238,-108.478874,2026-10-07 06:43:37+00:00,0.0010078045370370372,True,True,SK
273083,1791355417,Herbert School,0,50.431995,-107.22334,2026-10-07 06:43:37+00:00,0.0010078045370370372,True,True,SK
273093,1791355478,Eastend School,0,49.51468,-108.8213,2026-10-07 06:44:38+00:00,0.0003017860185185185,True,True,SK
273089,1791355379,Hodgeville School,0,50.113743,-106.95868,2026-10-07 06:42:59+00:00,0.001447619351851852,True,True,SK
273091,1791355403,Swift Current Comprehensive High School,0,50.298973,-107.786,2026-10-07 06:43:23+00:00,0.001169841574074074,True,True,SK
273097,1791355437,Consul School,0,49.29447,-109.52249,2026-10-07 06:43:57+00:00,0.0007763230555555556,True,True,SK
273099,1791355454,Burstall School,0,50.653477,-109.90544,2026-10-07 06:44:14+00:00,0.0005795637962962963,True,True,SK
13089,1791355402,East Regina,0,50.44632,-104.40226,2026-10-07 06:43:22+00:00,0.0011814156481481481,True,True,SK
278055,1791355486,Aberdeen,0,52.32907,-106.28809,2026-10-07 06:44:46+00:00,0.00020919342592592592,True,True,SK
279087,1791355396,Avonlea,0,50.01725,-105.05532,2026-10-07 06:43:16+00:00,0.0012508600925925926,True,True,SK
280276,1791355420,"Olive Grove, Regina SK",0,50.425274,-104.53042,2026-10-07 06:43:40+00:00,0.0009730823148148148,True,True,SK
280344,1791355399,Holy Trinity Catholic School Division Board Office,0,50.3942,-105.49968,2026-10-07 06:43:19+00:00,0.0012161378703703703,True,True,SK
284004,1791355384,#1 Admin Exterior,0,54.64922,-102.81751,2026-10-07 06:43:04+00:00,0.0013897489814814815,True,True,SK
284296,1791355478,#2_Comms Tower Sea Can,0,54.62586,-102.815796,2026-10-07 06:44:38+00:00,0.0003017860185185185,True,True,SK
287588,1791355439,AQSU-Parks Canada Ops,0,49.24228,-107.7334,2026-10-07 06:43:59+00:00,0.0007531749074074075,True,True,SK
288558,1791355381,Whitecap Dakota Nation,0,51.876564,-106.71199,2026-10-07 06:43:01+00:00,0.0014244712037037037,True,True,SK
288554,1791355392,Kinistin Saulteaux Nation,0,52.609673,-104.21893,2026-10-07 06:43:12+00:00,0.001297156388888889,True,True,SK
291698,1791355473,Muskoday First Nation,0,53.089066,-105.49045,2026-10-07 06:44:33+00:00,0.0003596563888888889,True,True,SK
31411,1791355422,SPSA Radio Technical Services,0,53.19702,-105.7409,2026-10-07 06:43:42+00:00,0.0009499341666666667,True,True,SK
35205,1791355427,Indian Head,0,50.530582,-103.67302,2026-10-07 06:43:47+00:00,0.0008920637962962964,True,True,SK
37889,1791355467,AQSU-3317,0,51.49611,-107.0625,2026-10-07 06:44:27+00:00,0.0004291008333333333,True,True,SK
39067,1791355476,Flying Dust First Nation - MLTC,0,54.135418,-108.40431,2026-10-07 06:44:36+00:00,0.00032493416666666666,True,True,SK
304766,1791355303,Saskatoon Rugby Club,0,52.184166,-106.64186,2026-10-07 06:41:43+00:00,0.0023272489814814812,True,True,SK
316984,1791355452,Craik School,0,51.0445,-105.823364,2026-10-07 06:44:12+00:00,0.0006027119444444444,True,True,SK
317728,1791355401,AQSU-9880,0,54.915436,-103.37766,2026-10-07 06:43:21+00:00,0.0011929897222222223,True,True,SK
80139,1791355372,La Plonge - ERFN - MLTC Monitor,0,55.16035,-107.582375,2026-10-07 06:42:52+00:00,0.0015286378703703702,True,True,SK
80157,1791355375,Pelican Narrows,0,55.187683,-102.94493,2026-10-07 06:42:55+00:00,0.001493915648148148,True,True,SK
80169,1791355466,Stony Rapids SPSA,0,59.25535,-105.8363,2026-10-07 06:44:26+00:00,0.0004406749074074074,True,True,SK
80177,1791352671,"Canoe Lake Cree Nation, SK (MLTC Sensor)",0,55.15998,-108.16032,2026-10-07 05:57:51+00:00,0.032790211944444446,True,True,SK
80181,1791355434,Southend Health Centre Suite ^,0,56.323864,-103.24024,2026-10-07 06:43:54+00:00,0.0008110452777777778,True,True,SK
83945,1791355456,Warman,0,52.327534,-106.58253,2026-10-07 06:44:16+00:00,0.0005564156481481481,True,True,SK
83949,1791355372,Martensville,0,52.28792,-106.655334,2026-10-07 06:42:52+00:00,0.0015286378703703702,True,True,SK
83977,1791355471,Saskatoon East,0,52.104385,-106.615204,2026-10-07 06:44:31+00:00,0.000382804537037037,True,True,SK
90265,1791355403,Buffalo River Dene Nation - MLTC,0,55.92818,-108.92564,2026-10-07 06:43:23+00:00,0.001169841574074074,True,True,SK
94193,1791355441,Pelican Narrow,0,55.178722,-102.92746,2026-10-07 06:44:01+00:00,0.0007300267592592592,True,True,SK
95507,1791355396,La Ronge,0,55.099724,-105.29466,2026-10-07 06:43:16+00:00,0.0012508600925925926,True,True,SK
106306,1791355440,Hall Lake,0,55.11413,-105.91855,2026-10-07 06:44:00+00:00,0.0007416008333333334,True,True,SK
132003,1791355460,AQSU-Wascana,0,50.41701,-104.52927,2026-10-07 06:44:20+00:00,0.0005101193518518519,True,True,SK
132901,1791355442,Weyburn Arenas,0,49.6659,-103.86062,2026-10-07 06:44:02+00:00,0.0007184526851851851,True,True,SK
134938,1791355372,NWR Weather,0,50.501785,-104.660446,2026-10-07 06:42:52+00:00,0.0015286378703703702,True,True,SK
136784,1791355376,Johnson Shoyama Graduate School of Public Policy — University of Regina,0,50.440098,-104.611,2026-10-07 06:42:56+00:00,0.001482341574074074,True,True,SK
137258,1791355380,AQSU-E4DB,0,49.669876,-103.17209,2026-10-07 06:43:00+00:00,0.001436045277777778,True,True,SK
137774,1791355379,Poplar,0,52.118786,-106.671135,2026-10-07 06:42:59+00:00,0.001447619351851852,True,True,SK
143522,1791355398,Saskatoon French School,0,52.1087,-106.692894,2026-10-07 06:43:18+00:00,0.0012277119444444446,True,True,SK
143622,1791328604,"Biggar, Saskatchewan",0,52.059166,-107.980385,2026-10-06 23:16:44+00:00,0.3113434526851852,True,True,SK
143688,1790964642,St. Joseph High School,0,52.14765,-106.583755,2026-10-02 18:10:42+00:00,4.523866600833333,True,True,SK
145074,1791355459,Dalmeny Downtown,0,52.340893,-106.773705,2026-10-07 06:44:19+00:00,0.0005216934259259259,True,True,SK
149618,1791355468,NWR Weather 2,0,50.788033,-104.97285,2026-10-07 06:44:28+00:00,0.00041752675925925924,True,True,SK
151158,1791355373,Goodwater Field Office,0,49.469376,-103.70854,2026-10-07 06:42:53+00:00,0.0015170637962962962,True,True,SK
151386,1791355464,Weyburn,0,49.658752,-103.85062,2026-10-07 06:44:24+00:00,0.0004638230555555555,True,True,SK
152154,1791355437,Mosaic Stadium,0,50.451645,-104.63257,2026-10-07 06:43:57+00:00,0.0007763230555555556,True,True,SK
166031,1791355461,Saskatoon Eastview,0,52.090675,-106.61149,2026-10-07 06:44:21+00:00,0.0004985452777777778,True,True,SK
175687,1791355457,AQSU-41A9,0,52.739178,-103.98449,2026-10-07 06:44:17+00:00,0.0005448415740740741,True,True,SK
192963,1791355418,Cypress Hills Prov Park SPSA,0,49.663673,-109.53532,2026-10-07 06:43:38+00:00,0.000996230462962963,True,True,SK
193097,1791355420,Pense,0,50.41516,-104.97832,2026-10-07 06:43:40+00:00,0.0009730823148148148,True,True,SK
193110,1791355333,Mosaic Stadium Upper Level,0,50.44997,-104.63419,2026-10-07 06:42:13+00:00,0.0019800267592592594,True,True,SK
195477,1791355398,Colonsay,0,51.976357,-105.87072,2026-10-07 06:43:18+00:00,0.0012277119444444446,True,True,SK
195505,1791355426,Delisle,0,51.92633,-107.13111,2026-10-07 06:43:46+00:00,0.0009036378703703704,True,True,SK
195511,1791355439,Hanley,0,51.633156,-106.44209,2026-10-07 06:43:59+00:00,0.0007531749074074075,True,True,SK
195555,1791270302,Rosthern Community School,0,52.666874,-106.34828,2026-10-06 07:05:02+00:00,0.9861351193518518,True,True,SK
195823,1791355461,Leibel Field,0,50.42745,-104.57988,2026-10-07 06:44:21+00:00,0.0004985452777777778,True,True,SK
196017,1791355399,Wildwood,0,52.107727,-106.593544,2026-10-07 06:43:19+00:00,0.0012161378703703703,True,True,SK
196429,1791355478,All Saints Catholic School,0,50.3135,-107.78,2026-10-07 06:44:38+00:00,0.0003017860185185185,True,True,SK
196479,1791355478,Christ The King School,0,49.65119,-108.40426,2026-10-07 06:44:38+00:00,0.0003017860185185185,True,True,SK
209603,1790982470,FHQTC LRES Urban Office,0,50.471775,-104.58396,2026-10-02 23:07:50+00:00,4.317524008240741,True,True,SK
209845,1791355388,AQSU-Muskeg Lake,0,53.003407,-106.87685,2026-10-07 06:43:08+00:00,0.0013434526851851853,True,True,SK
209863,1791355401,AQSU-CAPMoN_PHL,0,55.51217,-106.724525,2026-10-07 06:43:21+00:00,0.0011929897222222223,True,True,SK
211611,1791355379,FHQTC LRES Treaty Four Territory Air Quality Monitor,0,50.756958,-103.78721,2026-10-07 06:42:59+00:00,0.001447619351851852,True,True,SK
214441,1791355433,AQSU-Mistawasis,0,53.174923,-106.80666,2026-10-07 06:43:53+00:00,0.0008226193518518519,True,True,SK
217321,1791355413,University of Regina Turf Field,0,50.414642,-104.5863,2026-10-07 06:43:33+00:00,0.0010541008333333334,True,True,SK
218169,1791355462,Mosaic Stadium Sideline (2),0,50.45109,-104.63352,2026-10-07 06:44:22+00:00,0.0004869712037037037,True,True,SK
220665,1791355476,SAS / Saskatoon Kinsmen Henk Ruys Soccer Centre,0,52.1678,-106.631836,2026-10-07 06:44:36+00:00,0.00032493416666666666,True,True,SK
223245,1791355427,All Nations Healing Hospital/FHQTC Health Services,0,50.761063,-103.78715,2026-10-07 06:43:47+00:00,0.0008920637962962964,True,True,SK
224705,1791355442,St. Henry's Sr School,0,50.93659,-102.79673,2026-10-07 06:44:02+00:00,0.0007184526851851851,True,True,SK
225117,1791355369,Century Field YRHS,0,51.215965,-102.478065,2026-10-07 06:42:49+00:00,0.0015633600925925924,True,True,SK
226573,1791355428,Mankota Public School,0,49.41989,-107.0674,2026-10-07 06:43:48+00:00,0.0008804897222222223,True,True,SK
226635,1791355456,Central Butte School,0,50.796543,-106.504524,2026-10-07 06:44:16+00:00,0.0005564156481481481,True,True,SK
226639,1791355441,Assiniboia Composite High School,0,49.62498,-105.99798,2026-10-07 06:44:01+00:00,0.0007300267592592592,True,True,SK
227149,1791355442,École Gravelbourg School,0,49.872833,-106.56045,2026-10-07 06:44:02+00:00,0.0007184526851851851,True,True,SK
227167,1791052815,Waskesiu Lake,0,53.92815,-106.07821,2026-10-03 18:40:15+00:00,3.5033457675,True,True,SK
227173,1791355405,Prairie South School Division Office,0,50.40043,-105.55701,2026-10-07 06:43:25+00:00,0.001146693425925926,True,True,SK
227183,1791355413,Rouleau School,0,50.19128,-104.90163,2026-10-07 06:43:33+00:00,0.0010541008333333334,True,True,SK
229353,1791355375,Borden,0,52.403618,-107.23633,2026-10-07 06:42:55+00:00,0.001493915648148148,True,True,SK
229921,1791355377,Cudworth,0,52.48632,-105.73341,2026-10-07 06:42:57+00:00,0.0014707675000000002,True,True,SK
231289,1791355388,AQSU-One Arrow,0,52.740547,-106.029366,2026-10-07 06:43:08+00:00,0.0013434526851851853,True,True,SK
240955,1791355462,Cote First Nation,0,51.62307,-101.90229,2026-10-07 06:44:22+00:00,0.0004869712037037037,True,True,SK
240967,1791355473,Ocean Man First Nation,0,49.837444,-103.0205,2026-10-07 06:44:33+00:00,0.0003596563888888889,True,True,SK
241461,1791355455,Keeseekoose First Nation,0,51.71805,-101.90961,2026-10-07 06:44:15+00:00,0.0005679897222222222,True,True,SK
241481,1791355459,The Key First Nation,0,51.78237,-102.12954,2026-10-07 06:44:19+00:00,0.0005216934259259259,True,True,SK
241487,1791355402,Kahkewistahaw First Nation,0,50.50322,-102.53438,2026-10-07 06:43:22+00:00,0.0011814156481481481,True,True,SK
250667,1791355418,Redberry Research Center,0,52.679237,-107.23615,2026-10-07 06:43:38+00:00,0.000996230462962963,True,True,SK
251803,1791355445,Saskatchewan Polytechnic Moose Jaw Campus,0,50.40406,-105.551186,2026-10-07 06:44:05+00:00,0.0006837304629629629,True,True,SK
252811,1791355461,AQSU-Yellow Quill,0,52.306683,-103.62862,2026-10-07 06:44:21+00:00,0.0004985452777777778,True,True,SK
